model,run,output_tokens,output_tps,prompt_tokens,prompt_tps,total_duration_sec,load_duration_sec,wall_time_sec
qwen3.5:35b-a3b,1,300,27.81772509220488,37,157.52015056303895,17.950714208,6.719439875,17.95707106590271
qwen3.5:35b-a3b,2,300,27.840817539860712,37,131.79162821749804,11.340357375,0.137464667,11.344038963317871
qwen3.5:35b-a3b,3,300,26.227070937663214,37,133.14249575608295,12.169586916,0.133135833,12.175150156021118
qwen3.5:35b-a3b,4,300,27.639987648419215,37,132.77851436359572,11.421763916,0.141399416,11.426417112350464
qwen3.5:35b-a3b,5,300,27.575839965543068,37,133.5174107804274,11.436368208,0.131863292,11.439871311187744
