model,category,avg_output_tps,min_output_tps,max_output_tps,avg_prompt_tps,avg_total_duration_sec,avg_load_duration_sec,avg_wall_time_sec,avg_output_tokens
llama3.2:3b,coding,64.6443130392788,59.149113398491494,69.87173007530438,3481.8135908413383,3.4550527498888886,0.17396269422222221,3.4584447542826333,202.0
qwen3:4b,coding,48.08047038208771,44.68999196334362,50.43235376139542,1925.4625662581154,6.577803736333333,0.16960240755555556,6.580873277452257,300.0
llama3.2:3b,general,64.12756869231522,63.01339006939109,65.10646384538428,2075.7967392148084,4.9031862915,0.08929895850000001,4.906671166419983,300.0
qwen3:4b,general,46.42649041050947,44.644831945877364,48.60725071763328,1141.855572818678,6.698507923666667,0.07283166683333334,6.701364795366923,300.0
