model,category,avg_output_tps,min_output_tps,max_output_tps,avg_prompt_tps,avg_total_duration_sec,avg_load_duration_sec,avg_wall_time_sec,avg_output_tokens
deepseek-coder-v2:16b,coding,74.27027137221336,64.01349983599987,85.46376492552189,3121.0758564001044,4.313099338111112,0.2121855741111111,4.319320519765218,289.3333333333333
deepseek-coder-v2:16b,general,71.72434209141124,67.15356723217619,74.95568001812968,1579.8843318074378,4.4063454166666665,0.06845872933333334,4.412494421005249,300.0
