model,category,avg_output_tps,min_output_tps,max_output_tps,avg_prompt_tps,avg_total_duration_sec,avg_load_duration_sec,avg_wall_time_sec,avg_output_tokens
qwen3-coder:30b-a3b-q4_K_M,coding,50.407228815198714,48.94807263162757,54.1093207488001,1820.4488146975648,5.850988430555556,0.45328536566666666,5.854074239730835,262.1111111111111
gemma4:e4b,coding,37.53226080369723,35.925511095424234,39.06013631246993,1655.082458248402,8.769597768555556,0.4935560047777778,8.773717800776163,300.0
qwen3-coder:30b-a3b-q4_K_M,general,50.305021711626615,50.12030892319339,50.48171608816463,1022.0553364307717,6.215323791833334,0.07784842333333333,6.2186315059661865,300.0
gemma4:e4b,general,38.631394017989955,38.18533101357363,38.95002417241746,895.6615578738006,8.178123701166667,0.18468584716666667,8.1820676724116,300.0
