model,category,avg_output_tps,min_output_tps,max_output_tps,avg_prompt_tps,avg_total_duration_sec,avg_load_duration_sec,avg_wall_time_sec,avg_output_tokens
qwen3-coder:30b-a3b-q4_K_M,coding,50.63036163867506,49.83590277300231,52.161936136786075,1810.2108598685948,5.7237912544444445,0.35003106466666667,5.726914776696099,262.1111111111111
qwen3-coder:30b-a3b-q4_K_M,general,50.17731558485203,49.83025075099914,50.66343027323057,1066.6063895404168,6.222875868,0.0692820625,6.225746790568034,300.0
