model,category,avg_output_tps,min_output_tps,max_output_tps,avg_prompt_tps,avg_total_duration_sec,avg_load_duration_sec,avg_wall_time_sec,avg_output_tokens
qwen3-coder:30b-a3b-q4_K_M,coding,50.29902478239084,48.72619243049557,50.91690596224272,1814.7408843927608,5.752074532444444,0.32637452799999994,5.755431413650513,262.1111111111111
qwen3.5:35b-a3b,coding,26.71006934384557,25.96984813597795,28.391748468249155,166.63059902390575,12.367747680444445,0.6323734443333333,12.37095504336887,300.0
qwen3-coder-next:q4_K_M,coding,20.674103787036447,19.82551290255492,21.554999838249127,98.11884065041029,13.572295810111111,1.069327087888889,13.575371318393284,246.0
qwen3-coder:30b-a3b-q4_K_M,general,50.34766244326594,49.99478257782003,50.51504682901859,1037.2808844948806,6.200090416666666,0.07238775683333333,6.203059116999309,300.0
qwen3.5:35b-a3b,general,26.752279980214837,26.62507762564679,26.846561696599696,147.33871098593636,11.730304319166665,0.135584986,11.733208537101746,300.0
qwen3-coder-next:q4_K_M,general,20.62401480648182,20.216622806173365,20.945707423117362,90.40302457717395,15.107913645833333,0.09861001366666666,15.111013452212015,300.0
