model,category,avg_output_tps,min_output_tps,max_output_tps,avg_prompt_tps,avg_total_duration_sec,avg_load_duration_sec,avg_wall_time_sec,avg_output_tokens
gemma3:4b,coding,48.269642474706004,45.60142958478276,51.38054259833368,2008.22766464637,5.924911143444444,0.3014873934444444,5.928354978561401,261.1111111111111
gemma3:4b,general,48.162604197621164,46.982635485412395,48.932627491229674,1002.0689211197999,6.630030340499999,0.18768556983333332,6.634010314941406,300.0
